user_id,fname,lname,religion,address,province,postal_code,identification_number,passport_number,mobile_number,nationality,sex,birthdate,email,username,password,user_type
1,Piyawat,Amnuayphoncharoen,Buddhist,34/35 Ratchapruek Rd. Bangrang Muang,Nonthaburi,11000,1102234334567,\N,0847702836,Thai,Male,2000-11-28,piyawat.amn@gmail.com,ttrustt_,Trustza007,Admin
2,Chaichana,Thavornthaveekul,Buddhist,586 Onnut Rd. Suanluang,Bangkok,10250,1100801323514,\N,0909698314,Thai,Male,1999-10-17,chaichana.tha@hotmail.com,chi_ccn,Eieiza1234,Admin
3,Jirayu,Sumsanharn,Islamic,171 Somdej Rd. Tarnsum,Ubon Ratchathani,34330,1100865645994,\N,0846984164,Thai,Male,1988-05-12,jirayu.sum@yahoo.com,jjirayu_,Abc123456,Patient
4,Pawat,Lilittrakul,Buddhist,559 Prawet Rd. Prawet,Bangkok,10240,1109854564568,\N,0964575154,Thai,Male,1966-09-18,pawat_lil@gmail.com,pawat_lil,Pawat09645,Doctor
5,Muhammad,Latae,Islamic,49 Tanao Rd Bowornnivech Banglumpoo,Bangkok,10200,\N,M09933532,0845894948,Saudi Arabia,Male,1985-01-01,muhmuh@gmail.com,muhmuh_,Muh498416,Doctor
6,Pornsiri,Lampueng,Christian,15/365 Moo 9 Bangbon Khwang Bang Bon Khet Bang Bon,Bangkok,10150,1108498465156,\N,0978946549,Thai,Female,1995-05-22,porn_naja@hotmail.com,porn_lam,489465Porn,Patient
7,Chayaporn,Ornapa,Buddhist,"519 between Indramara soi 33 and 35 Soothisarn road, 2",Bangkok,10400,1198459841268,\N,0846546456,Thai,Female,2018-04-02,8tarek.zezo.9@shoppyhunt.com,chaya_,3yt45t45eh,Patient
8,Kittikorn,Amnart,Buddhist,11/65 Bodin Rd. Bodin ,Srakaew,10980,1100848945789,\N,0984156467,Thai,Male,1968-11-11,kitti_am@gmail.com,kit_am,Kit79456,Pharmacist
9,Teetach,Anyajareon,Buddhist,291/22 Sathupradit Road Chongnonsi ,Bangkok,10120,1189798464681,\N,0894894569,Thai,Male,1988-02-13,tee_tach@hotmil.com,tee_tach,89789Tee,Doctor
10,Issarachai,Ngamroo,Buddhist,61/7 Vibhavadi Rangsit Rd. Soi 20 ,Bangkok,10900,1164894568948,\N,0894861165,Thai,Male,2001-11-22,uapichitsirpuen6@cokils.com,issarachai_ei,dsfgewhuy6,Patient
11,Monai ,Krairiksh,Islamic,"6-8 Krungthonburi Road Banglumpoo Lang, 2",Bangkok,10600,1189489748998,\N,0874894161,Thai,Male,1969-12-31,msoufiane-alir@asianmeditations.ru,momonai_krai,67iikjy67grt,Doctor
12,Varakorn ,Kasemsuwan,Buddhist,7/1 Soi Tonsom Phloen Chit Rd. ,Bangkok,10110,1197895964587,\N,0848945112,Thai,Male,2002-02-02,4salmanm@poliden.me,varak_orn,rdeswgewg,Patient
13,Ami,Toller,Christian,19/138 Sukhumvit SuitesSoi 13 14th FloorNua Wattana ,Bangkok,10120,\N,N87984415,0971545674,English,Female,1975-11-02,4sandyrkzbuz@connect1to1.com,amitoller_,dsfvdsvg4w3,Doctor
14,Mohamed,Salah,Islamic,43/4 Trok Nok Khet Chongnonsee Liab Maenam Chaophaya Rd CHONGNONSEE ,Bangkok,10120,1198797897456,\N,0688945641,Egyptian,Male,1982-05-18,yyuj_fgs@fabhax.com,mohamoha_sal,45h67fc512,Pharmacist
15,Jurgen,Klopp,Christian,426/39-40 Kampangphet 1 Road Lardyao Jatujak,Bangkok,10900,\N,K54894961,0846156511,German,Male,1975-10-15,5deobossaw@lotto-golden.com,jergen_kl,wefc23rt423,Doctor
16,Narisara,Thongboonchoo,Buddhist,90/9 Moo 7 Bangplee-Ladkrabang Road  Bang Phli,Samut Prakarn,10540,1189798569854,\N,0848945601,Thai,Female,2012-03-05,kvolf-ale@fabhax.com,narisara_th,2tq3wf23,Patient
17,Clo√©,Cloutier,Christian,Tara House 152 Soi 31 Sukhumvit Road 2 ,Bangkok,10110,\N,O48946846,0894684646,French,Female,2014-12-21,jwilliam.waitem@connect1to1.com,cl_cloe,f23f23fdgdf,Patient
18,Yaneeporn,Patcharavorachot,Buddhist,888/127 PANUCH VILLAGE SOI THANAPHOL 2 PHACHARATBUMPHEN RD SAMSEN-NOK 2,Bangkok,10310,1189798979644,\N,0988416415,Thai,Female,1989-05-16,2abdel@sd110.xyz,yanyanee_,23rt3qefrw,Patient
19,Nuthvipa,Jayranaiwachira,Buddhist,1802/8 Wararyt Center Thanurat Road 2 ,Bangkok,10120,1189798595945,\N,0894646452,Thai,Female,1979-04-19,4egypt.for.egyptm@dibon.site,Otoro10,623bgv4gfd,Pharmacist
20,Udom,Janjarassuk,Buddhist,161/115 Soi Supatpong 1Srinakarin Road Khet Pravate ,Bangkok,10250,1189789789878,\N,0849845684,Thai,Male,1975-11-28,6abd.boodh@ampasinc.com,Udom_1,c2345c234,Doctor
21,Sunpasit,Limnararat,Buddhist,496/111-112 Sathupradit Road Bangpongpang 2 ,Bangkok,10120,1178454668464,\N,0915165523,Thai,Male,1978-05-13,2dawid.d.exn@lttmobile.com,pikachu_555,qw2345423t,Doctor
22,Tanawan,Pinnarat,Buddhist,Two Pacific Place Sukhumvit Rd Khwang Khlong Toei Khet Khlong Toei ,Bangkok,10110,\N,R59156464,0846161123,English,Male,1985-05-01,vdaniel.nascimen@nhmicrosoft.com,sunny_1234,qw3y6gq2t4,Pharmacist
23,Merlin,Abrahams,Buddhist,275/21 Sathupradit Road Chongnonsi ,Bangkok,10120,1156788907899,\N,0849854165,Thai,Female,2013-11-18,3danielsatim2@devist.com,merlin_theGreatWitch,qt4w233t4y,Patient
24,Songlod,Sae-Ueng,Buddhist,999 Samsen Road Dusit 2 ,Bangkok,10300,1167856764574,\N,0899592142,Thai,Male,1981-12-18,sjoana.vasconcelk@aktoyota.com,sobngef2,5i967rt5hjy,Pharmacist
25,Arthit,Petchsasithon,Buddhist,"23rd Floor Capital Tower All Seasons Place, 87/1 Wireless Road 2 ",Bangkok,10330,1164538999765,\N,0894595595,Thai,Male,2000-02-03,xbadralex55l@bizimalem-support.de,Arthit_intania24,q2gt42t4,Patient
26,Chodchanok,Attapong,Buddhist,48/270 1 Ramkamhaeng Saparnsoong 2 ,Bangkok,10240,1125456065416,\N,0945894651,Thai,Female,1999-10-19,oayoub-gozarb@aprilmovo.com,chodddd,whu6334,Patient
27,Nitjaree,Satayarak,Buddhist,566/124 Sathuprodit rd.,Bangkok,10120,1132265464644,\N,0999999999,Thai,Female,1969-09-14,dkimoana3285@europeanestate.com,nijjyy,y35345hy,Doctor
28,Monchanok,Srisuakam,Buddhist,20 Bubhajit Building 7Th-9Th Floor North Sathorn Road,Bangkok,10700,1100651684681,\N,0888888888,Thai,Male,1998-06-16,jmghizelen5@gmailvn.net,MOnnnyy,35y3ty43t,Patient
29,Paramote,Wardkein,Buddhist,11/2885. 59 Boromratchachonni 4 Bangbamru 2 ,Bangkok,10700,1189789646646,\N,0987451561,Thai,Male,2011-11-11,7abraheemali19@aprilmovo.com,omooojung,23fr4233,Patient
30,Suchatvee,Suwansawat,Buddhist,"10th Floor Thosapol Land Building, 230 Ratchadapisek Road 2 ",Bangkok,10310,1189749874898,\N,0997894646,Thai,Male,1975-01-09,9ayoub-rugby00@mangohik.xyz,sucha_vy,hyrt5gtff,Doctor